<?xml version="1.0"?>
<pagescount>
	<html_total>132</html_total>
	<html_done>5</html_done>
	<images>73</images>
	<script>26</script>
	<css>10</css>
	<pdf>45</pdf>
	<documents/>
	<excel/>
	<powerpoint/>
	<flash/>
	<audios/>
	<videos/>
	<xml/>
	<json/>
	<txt/>
	<autocad/>
	<model_3d/>
	<fonts>59</fonts>
	<scraping_reload>1</scraping_reload>
	<is_pretty_url>false</is_pretty_url>
	<has_trailing_slash>false</has_trailing_slash>
	<is_ebn>false</is_ebn>
	<email>wdo@waybackmachinedownloader.com</email>
	<theme_name>WmdTheme997728</theme_name>
	<server_url_front_page>https://www6.waybackmachinedownloader.com/wdo/files/demo/cites.org_wdo_waybackmachinedownloader.com_985woce222/</server_url_front_page>
	<no_www_url>cites.org</no_www_url>
	<hosted_domain/>
	<original_archive_url>https://cites.org</original_archive_url>
	<final_archive_url>http://cites.org/</final_archive_url>
	<front_page_code_date/>
	<total_urls_from_api/>
	<max_reached_live>false</max_reached_live>
	<scrape_other_captures>false</scrape_other_captures>
	<total_size>32848</total_size>
</pagescount>
